[
    {
        "stickerType": 7,
        "stickerId": 17195,
        "cateId": 10080
    },
    {
        "stickerType": 7,
        "stickerId": 17196,
        "cateId": 10080
    },
    {
        "stickerType": 7,
        "stickerId": 17197,
        "cateId": 10080
    },
    {
        "stickerType": 7,
        "stickerId": 17198,
        "cateId": 10080
    },
    {
        "stickerType": 7,
        "stickerId": 17199,
        "cateId": 10080
    },
    {
        "stickerType": 7,
        "stickerId": 17200,
        "cateId": 10080
    },
    {
        "stickerType": 7,
        "stickerId": 17201,
        "cateId": 10080
    },
    {
        "stickerType": 7,
        "stickerId": 17202,
        "cateId": 10080
    },
    {
        "stickerType": 7,
        "stickerId": 17203,
        "cateId": 10080
    },
    {
        "stickerType": 7,
        "stickerId": 17204,
        "cateId": 10080
    },
    {
        "stickerType": 7,
        "stickerId": 17205,
        "cateId": 10080
    },
    {
        "stickerType": 7,
        "stickerId": 17206,
        "cateId": 10080
    },
    {
        "stickerType": 7,
        "stickerId": 17207,
        "cateId": 10080
    },
    {
        "stickerType": 7,
        "stickerId": 17208,
        "cateId": 10080
    },
    {
        "stickerType": 7,
        "stickerId": 17209,
        "cateId": 10080
    },
    {
        "stickerType": 7,
        "stickerId": 17210,
        "cateId": 10080
    },
    {
        "stickerType": 7,
        "stickerId": 17211,
        "cateId": 10080
    },
    {
        "stickerType": 7,
        "stickerId": 17212,
        "cateId": 10080
    },
    {
        "stickerType": 7,
        "stickerId": 17297,
        "cateId": 10090
    },
    {
        "stickerType": 7,
        "stickerId": 17298,
        "cateId": 10090
    },
    {
        "stickerType": 7,
        "stickerId": 17299,
        "cateId": 10090
    },
    {
        "stickerType": 7,
        "stickerId": 17300,
        "cateId": 10090
    },
    {
        "stickerType": 7,
        "stickerId": 17301,
        "cateId": 10090
    },
    {
        "stickerType": 7,
        "stickerId": 17302,
        "cateId": 10090
    },
    {
        "stickerType": 7,
        "stickerId": 17303,
        "cateId": 10090
    },
    {
        "stickerType": 7,
        "stickerId": 17304,
        "cateId": 10090
    },
    {
        "stickerType": 7,
        "stickerId": 17305,
        "cateId": 10090
    },
    {
        "stickerType": 7,
        "stickerId": 17306,
        "cateId": 10090
    },
    {
        "stickerType": 7,
        "stickerId": 17307,
        "cateId": 10090
    },
    {
        "stickerType": 7,
        "stickerId": 17308,
        "cateId": 10090
    },
    {
        "stickerType": 7,
        "stickerId": 17309,
        "cateId": 10090
    },
    {
        "stickerType": 7,
        "stickerId": 17310,
        "cateId": 10090
    },
    {
        "stickerType": 7,
        "stickerId": 17311,
        "cateId": 10090
    },
    {
        "stickerType": 7,
        "stickerId": 17312,
        "cateId": 10091
    },
    {
        "stickerType": 7,
        "stickerId": 17313,
        "cateId": 10091
    },
    {
        "stickerType": 7,
        "stickerId": 17314,
        "cateId": 10091
    },
    {
        "stickerType": 7,
        "stickerId": 17315,
        "cateId": 10091
    },
    {
        "stickerType": 7,
        "stickerId": 17316,
        "cateId": 10091
    },
    {
        "stickerType": 7,
        "stickerId": 17317,
        "cateId": 10091
    },
    {
        "stickerType": 7,
        "stickerId": 17318,
        "cateId": 10091
    },
    {
        "stickerType": 7,
        "stickerId": 17319,
        "cateId": 10091
    },
    {
        "stickerType": 7,
        "stickerId": 17320,
        "cateId": 10091
    },
    {
        "stickerType": 7,
        "stickerId": 17321,
        "cateId": 10091
    },
    {
        "stickerType": 7,
        "stickerId": 17322,
        "cateId": 10091
    },
    {
        "stickerType": 7,
        "stickerId": 17323,
        "cateId": 10091
    },
    {
        "stickerType": 7,
        "stickerId": 17324,
        "cateId": 10091
    },
    {
        "stickerType": 7,
        "stickerId": 17325,
        "cateId": 10091
    },
    {
        "stickerType": 7,
        "stickerId": 17326,
        "cateId": 10091
    },
    {
        "stickerType": 7,
        "stickerId": 17327,
        "cateId": 10091
    },
    {
        "stickerType": 7,
        "stickerId": 17419,
        "cateId": 10099
    },
    {
        "stickerType": 7,
        "stickerId": 17420,
        "cateId": 10099
    },
    {
        "stickerType": 7,
        "stickerId": 17421,
        "cateId": 10099
    },
    {
        "stickerType": 7,
        "stickerId": 17422,
        "cateId": 10099
    },
    {
        "stickerType": 7,
        "stickerId": 17423,
        "cateId": 10099
    },
    {
        "stickerType": 7,
        "stickerId": 17424,
        "cateId": 10099
    },
    {
        "stickerType": 7,
        "stickerId": 17425,
        "cateId": 10099
    },
    {
        "stickerType": 7,
        "stickerId": 17426,
        "cateId": 10099
    },
    {
        "stickerType": 7,
        "stickerId": 17427,
        "cateId": 10099
    },
    {
        "stickerType": 7,
        "stickerId": 17428,
        "cateId": 10099
    },
    {
        "stickerType": 7,
        "stickerId": 17429,
        "cateId": 10099
    },
    {
        "stickerType": 7,
        "stickerId": 17430,
        "cateId": 10099
    },
    {
        "stickerType": 7,
        "stickerId": 17431,
        "cateId": 10099
    },
    {
        "stickerType": 7,
        "stickerId": 17432,
        "cateId": 10099
    },
    {
        "stickerType": 7,
        "stickerId": 17433,
        "cateId": 10099
    },
    {
        "stickerType": 7,
        "stickerId": 17434,
        "cateId": 10099
    },
    {
        "stickerType": 7,
        "stickerId": 17435,
        "cateId": 10099
    },
    {
        "stickerType": 7,
        "stickerId": 17436,
        "cateId": 10099
    },
    {
        "stickerType": 7,
        "stickerId": 17437,
        "cateId": 10099
    },
    {
        "stickerType": 7,
        "stickerId": 17438,
        "cateId": 10099
    },
    {
        "stickerType": 7,
        "stickerId": 17451,
        "cateId": 10104
    },
    {
        "stickerType": 7,
        "stickerId": 17452,
        "cateId": 10104
    },
    {
        "stickerType": 7,
        "stickerId": 17453,
        "cateId": 10104
    },
    {
        "stickerType": 7,
        "stickerId": 17454,
        "cateId": 10104
    },
    {
        "stickerType": 7,
        "stickerId": 17455,
        "cateId": 10104
    },
    {
        "stickerType": 7,
        "stickerId": 17456,
        "cateId": 10104
    },
    {
        "stickerType": 7,
        "stickerId": 17457,
        "cateId": 10104
    },
    {
        "stickerType": 7,
        "stickerId": 17458,
        "cateId": 10104
    },
    {
        "stickerType": 7,
        "stickerId": 17459,
        "cateId": 10104
    },
    {
        "stickerType": 7,
        "stickerId": 17460,
        "cateId": 10104
    },
    {
        "stickerType": 7,
        "stickerId": 17461,
        "cateId": 10104
    },
    {
        "stickerType": 7,
        "stickerId": 17462,
        "cateId": 10104
    },
    {
        "stickerType": 7,
        "stickerId": 17463,
        "cateId": 10104
    },
    {
        "stickerType": 7,
        "stickerId": 17464,
        "cateId": 10104
    },
    {
        "stickerType": 7,
        "stickerId": 17465,
        "cateId": 10104
    },
    {
        "stickerType": 7,
        "stickerId": 17466,
        "cateId": 10104
    },
    {
        "stickerType": 7,
        "stickerId": 17467,
        "cateId": 10104
    },
    {
        "stickerType": 7,
        "stickerId": 17468,
        "cateId": 10104
    },
    {
        "stickerType": 7,
        "stickerId": 17469,
        "cateId": 10104
    },
    {
        "stickerType": 7,
        "stickerId": 17470,
        "cateId": 10104
    },
    {
        "stickerType": 7,
        "stickerId": 17471,
        "cateId": 10105
    },
    {
        "stickerType": 7,
        "stickerId": 17472,
        "cateId": 10105
    },
    {
        "stickerType": 7,
        "stickerId": 17473,
        "cateId": 10105
    },
    {
        "stickerType": 7,
        "stickerId": 17474,
        "cateId": 10105
    },
    {
        "stickerType": 7,
        "stickerId": 17475,
        "cateId": 10105
    },
    {
        "stickerType": 7,
        "stickerId": 17476,
        "cateId": 10105
    },
    {
        "stickerType": 7,
        "stickerId": 17477,
        "cateId": 10105
    },
    {
        "stickerType": 7,
        "stickerId": 17478,
        "cateId": 10105
    },
    {
        "stickerType": 7,
        "stickerId": 17479,
        "cateId": 10105
    },
    {
        "stickerType": 7,
        "stickerId": 17480,
        "cateId": 10105
    },
    {
        "stickerType": 7,
        "stickerId": 17481,
        "cateId": 10105
    },
    {
        "stickerType": 7,
        "stickerId": 17482,
        "cateId": 10105
    },
    {
        "stickerType": 7,
        "stickerId": 17483,
        "cateId": 10105
    },
    {
        "stickerType": 7,
        "stickerId": 17484,
        "cateId": 10105
    },
    {
        "stickerType": 7,
        "stickerId": 17485,
        "cateId": 10105
    },
    {
        "stickerType": 7,
        "stickerId": 17486,
        "cateId": 10105
    },
    {
        "stickerType": 7,
        "stickerId": 17487,
        "cateId": 10105
    },
    {
        "stickerType": 7,
        "stickerId": 17488,
        "cateId": 10105
    },
    {
        "stickerType": 7,
        "stickerId": 17489,
        "cateId": 10105
    },
    {
        "stickerType": 7,
        "stickerId": 17490,
        "cateId": 10105
    },
    {
        "stickerType": 7,
        "stickerId": 17605,
        "cateId": 10111
    },
    {
        "stickerType": 7,
        "stickerId": 17606,
        "cateId": 10111
    },
    {
        "stickerType": 7,
        "stickerId": 17607,
        "cateId": 10111
    },
    {
        "stickerType": 7,
        "stickerId": 17608,
        "cateId": 10111
    },
    {
        "stickerType": 7,
        "stickerId": 17609,
        "cateId": 10111
    },
    {
        "stickerType": 7,
        "stickerId": 17610,
        "cateId": 10111
    },
    {
        "stickerType": 7,
        "stickerId": 17611,
        "cateId": 10111
    },
    {
        "stickerType": 7,
        "stickerId": 17612,
        "cateId": 10111
    },
    {
        "stickerType": 7,
        "stickerId": 17613,
        "cateId": 10111
    },
    {
        "stickerType": 7,
        "stickerId": 17614,
        "cateId": 10111
    },
    {
        "stickerType": 7,
        "stickerId": 17615,
        "cateId": 10111
    },
    {
        "stickerType": 7,
        "stickerId": 17616,
        "cateId": 10111
    },
    {
        "stickerType": 7,
        "stickerId": 17617,
        "cateId": 10111
    },
    {
        "stickerType": 7,
        "stickerId": 17618,
        "cateId": 10111
    },
    {
        "stickerType": 7,
        "stickerId": 17619,
        "cateId": 10111
    },
    {
        "stickerType": 7,
        "stickerId": 17620,
        "cateId": 10111
    },
    {
        "stickerType": 7,
        "stickerId": 17621,
        "cateId": 10111
    },
    {
        "stickerType": 7,
        "stickerId": 17622,
        "cateId": 10111
    },
    {
        "stickerType": 7,
        "stickerId": 17623,
        "cateId": 10111
    },
    {
        "stickerType": 7,
        "stickerId": 17624,
        "cateId": 10111
    },
    {
        "stickerType": 7,
        "stickerId": 17625,
        "cateId": 10112
    },
    {
        "stickerType": 7,
        "stickerId": 17626,
        "cateId": 10112
    },
    {
        "stickerType": 7,
        "stickerId": 17627,
        "cateId": 10112
    },
    {
        "stickerType": 7,
        "stickerId": 17628,
        "cateId": 10112
    },
    {
        "stickerType": 7,
        "stickerId": 17629,
        "cateId": 10112
    },
    {
        "stickerType": 7,
        "stickerId": 17630,
        "cateId": 10112
    },
    {
        "stickerType": 7,
        "stickerId": 17631,
        "cateId": 10112
    },
    {
        "stickerType": 7,
        "stickerId": 17632,
        "cateId": 10112
    },
    {
        "stickerType": 7,
        "stickerId": 17633,
        "cateId": 10112
    },
    {
        "stickerType": 7,
        "stickerId": 17634,
        "cateId": 10112
    },
    {
        "stickerType": 7,
        "stickerId": 17635,
        "cateId": 10112
    },
    {
        "stickerType": 7,
        "stickerId": 17636,
        "cateId": 10112
    },
    {
        "stickerType": 7,
        "stickerId": 17637,
        "cateId": 10112
    },
    {
        "stickerType": 7,
        "stickerId": 17638,
        "cateId": 10112
    },
    {
        "stickerType": 7,
        "stickerId": 17639,
        "cateId": 10112
    },
    {
        "stickerType": 7,
        "stickerId": 17640,
        "cateId": 10112
    },
    {
        "stickerType": 7,
        "stickerId": 17745,
        "cateId": 10117
    },
    {
        "stickerType": 7,
        "stickerId": 17746,
        "cateId": 10117
    },
    {
        "stickerType": 7,
        "stickerId": 17747,
        "cateId": 10117
    },
    {
        "stickerType": 7,
        "stickerId": 17748,
        "cateId": 10117
    },
    {
        "stickerType": 7,
        "stickerId": 17749,
        "cateId": 10117
    },
    {
        "stickerType": 7,
        "stickerId": 17750,
        "cateId": 10117
    },
    {
        "stickerType": 7,
        "stickerId": 17751,
        "cateId": 10117
    },
    {
        "stickerType": 7,
        "stickerId": 17752,
        "cateId": 10117
    },
    {
        "stickerType": 7,
        "stickerId": 17753,
        "cateId": 10117
    },
    {
        "stickerType": 7,
        "stickerId": 17754,
        "cateId": 10117
    },
    {
        "stickerType": 7,
        "stickerId": 17755,
        "cateId": 10117
    },
    {
        "stickerType": 7,
        "stickerId": 17756,
        "cateId": 10117
    },
    {
        "stickerType": 7,
        "stickerId": 17757,
        "cateId": 10117
    },
    {
        "stickerType": 7,
        "stickerId": 17758,
        "cateId": 10117
    },
    {
        "stickerType": 7,
        "stickerId": 17759,
        "cateId": 10117
    },
    {
        "stickerType": 7,
        "stickerId": 17760,
        "cateId": 10117
    },
    {
        "stickerType": 7,
        "stickerId": 17761,
        "cateId": 10117
    },
    {
        "stickerType": 7,
        "stickerId": 17762,
        "cateId": 10117
    },
    {
        "stickerType": 7,
        "stickerId": 17763,
        "cateId": 10117
    },
    {
        "stickerType": 7,
        "stickerId": 17764,
        "cateId": 10117
    },
    {
        "stickerType": 7,
        "stickerId": 17827,
        "cateId": 10121
    },
    {
        "stickerType": 7,
        "stickerId": 17828,
        "cateId": 10121
    },
    {
        "stickerType": 7,
        "stickerId": 17829,
        "cateId": 10121
    },
    {
        "stickerType": 7,
        "stickerId": 17830,
        "cateId": 10121
    },
    {
        "stickerType": 7,
        "stickerId": 17831,
        "cateId": 10121
    },
    {
        "stickerType": 7,
        "stickerId": 17832,
        "cateId": 10121
    },
    {
        "stickerType": 7,
        "stickerId": 17833,
        "cateId": 10121
    },
    {
        "stickerType": 7,
        "stickerId": 17834,
        "cateId": 10121
    },
    {
        "stickerType": 7,
        "stickerId": 17835,
        "cateId": 10121
    },
    {
        "stickerType": 7,
        "stickerId": 17836,
        "cateId": 10121
    },
    {
        "stickerType": 7,
        "stickerId": 17837,
        "cateId": 10121
    },
    {
        "stickerType": 7,
        "stickerId": 17838,
        "cateId": 10121
    },
    {
        "stickerType": 7,
        "stickerId": 17839,
        "cateId": 10121
    },
    {
        "stickerType": 7,
        "stickerId": 17840,
        "cateId": 10121
    },
    {
        "stickerType": 7,
        "stickerId": 17841,
        "cateId": 10121
    },
    {
        "stickerType": 7,
        "stickerId": 17842,
        "cateId": 10121
    },
    {
        "stickerType": 7,
        "stickerId": 17843,
        "cateId": 10121
    },
    {
        "stickerType": 7,
        "stickerId": 17844,
        "cateId": 10121
    },
    {
        "stickerType": 7,
        "stickerId": 17845,
        "cateId": 10121
    },
    {
        "stickerType": 7,
        "stickerId": 17846,
        "cateId": 10121
    },
    {
        "stickerType": 7,
        "stickerId": 17867,
        "cateId": 10123
    },
    {
        "stickerType": 7,
        "stickerId": 17868,
        "cateId": 10123
    },
    {
        "stickerType": 7,
        "stickerId": 17869,
        "cateId": 10123
    },
    {
        "stickerType": 7,
        "stickerId": 17870,
        "cateId": 10123
    },
    {
        "stickerType": 7,
        "stickerId": 17871,
        "cateId": 10123
    },
    {
        "stickerType": 7,
        "stickerId": 17872,
        "cateId": 10123
    },
    {
        "stickerType": 7,
        "stickerId": 17873,
        "cateId": 10123
    },
    {
        "stickerType": 7,
        "stickerId": 17874,
        "cateId": 10123
    },
    {
        "stickerType": 7,
        "stickerId": 17875,
        "cateId": 10123
    },
    {
        "stickerType": 7,
        "stickerId": 17876,
        "cateId": 10123
    },
    {
        "stickerType": 7,
        "stickerId": 17877,
        "cateId": 10123
    },
    {
        "stickerType": 7,
        "stickerId": 17878,
        "cateId": 10123
    },
    {
        "stickerType": 7,
        "stickerId": 17879,
        "cateId": 10123
    },
    {
        "stickerType": 7,
        "stickerId": 17880,
        "cateId": 10123
    },
    {
        "stickerType": 7,
        "stickerId": 17881,
        "cateId": 10123
    },
    {
        "stickerType": 7,
        "stickerId": 17882,
        "cateId": 10123
    },
    {
        "stickerType": 7,
        "stickerId": 17883,
        "cateId": 10123
    },
    {
        "stickerType": 7,
        "stickerId": 17884,
        "cateId": 10123
    },
    {
        "stickerType": 7,
        "stickerId": 17885,
        "cateId": 10123
    },
    {
        "stickerType": 7,
        "stickerId": 17886,
        "cateId": 10123
    },
    {
        "stickerType": 7,
        "stickerId": 17929,
        "cateId": 10126
    },
    {
        "stickerType": 7,
        "stickerId": 17930,
        "cateId": 10126
    },
    {
        "stickerType": 7,
        "stickerId": 17931,
        "cateId": 10126
    },
    {
        "stickerType": 7,
        "stickerId": 17932,
        "cateId": 10126
    },
    {
        "stickerType": 7,
        "stickerId": 17933,
        "cateId": 10126
    },
    {
        "stickerType": 7,
        "stickerId": 17934,
        "cateId": 10126
    },
    {
        "stickerType": 7,
        "stickerId": 17935,
        "cateId": 10126
    },
    {
        "stickerType": 7,
        "stickerId": 17936,
        "cateId": 10126
    },
    {
        "stickerType": 7,
        "stickerId": 17937,
        "cateId": 10126
    },
    {
        "stickerType": 7,
        "stickerId": 17938,
        "cateId": 10126
    },
    {
        "stickerType": 7,
        "stickerId": 17939,
        "cateId": 10126
    },
    {
        "stickerType": 7,
        "stickerId": 17940,
        "cateId": 10126
    },
    {
        "stickerType": 7,
        "stickerId": 17941,
        "cateId": 10126
    },
    {
        "stickerType": 7,
        "stickerId": 17942,
        "cateId": 10126
    },
    {
        "stickerType": 7,
        "stickerId": 17943,
        "cateId": 10126
    },
    {
        "stickerType": 7,
        "stickerId": 17944,
        "cateId": 10126
    },
    {
        "stickerType": 7,
        "stickerId": 17945,
        "cateId": 10126
    },
    {
        "stickerType": 7,
        "stickerId": 17946,
        "cateId": 10126
    },
    {
        "stickerType": 7,
        "stickerId": 17947,
        "cateId": 10126
    },
    {
        "stickerType": 7,
        "stickerId": 17948,
        "cateId": 10126
    },
    {
        "stickerType": 7,
        "stickerId": 17949,
        "cateId": 10127
    },
    {
        "stickerType": 7,
        "stickerId": 17950,
        "cateId": 10127
    },
    {
        "stickerType": 7,
        "stickerId": 17951,
        "cateId": 10127
    },
    {
        "stickerType": 7,
        "stickerId": 17952,
        "cateId": 10127
    },
    {
        "stickerType": 7,
        "stickerId": 17953,
        "cateId": 10127
    },
    {
        "stickerType": 7,
        "stickerId": 17954,
        "cateId": 10127
    },
    {
        "stickerType": 7,
        "stickerId": 17955,
        "cateId": 10127
    },
    {
        "stickerType": 7,
        "stickerId": 17956,
        "cateId": 10127
    },
    {
        "stickerType": 7,
        "stickerId": 17957,
        "cateId": 10127
    },
    {
        "stickerType": 7,
        "stickerId": 17958,
        "cateId": 10127
    },
    {
        "stickerType": 7,
        "stickerId": 17959,
        "cateId": 10127
    },
    {
        "stickerType": 7,
        "stickerId": 17960,
        "cateId": 10127
    },
    {
        "stickerType": 7,
        "stickerId": 17961,
        "cateId": 10127
    },
    {
        "stickerType": 7,
        "stickerId": 17962,
        "cateId": 10127
    },
    {
        "stickerType": 7,
        "stickerId": 17963,
        "cateId": 10127
    },
    {
        "stickerType": 7,
        "stickerId": 17964,
        "cateId": 10127
    },
    {
        "stickerType": 7,
        "stickerId": 17965,
        "cateId": 10127
    },
    {
        "stickerType": 7,
        "stickerId": 17966,
        "cateId": 10127
    },
    {
        "stickerType": 7,
        "stickerId": 17967,
        "cateId": 10127
    },
    {
        "stickerType": 7,
        "stickerId": 17968,
        "cateId": 10127
    },
    {
        "stickerType": 7,
        "stickerId": 17989,
        "cateId": 10129
    },
    {
        "stickerType": 7,
        "stickerId": 17990,
        "cateId": 10129
    },
    {
        "stickerType": 7,
        "stickerId": 17991,
        "cateId": 10129
    },
    {
        "stickerType": 7,
        "stickerId": 17992,
        "cateId": 10129
    },
    {
        "stickerType": 7,
        "stickerId": 17993,
        "cateId": 10129
    },
    {
        "stickerType": 7,
        "stickerId": 17994,
        "cateId": 10129
    },
    {
        "stickerType": 7,
        "stickerId": 17995,
        "cateId": 10129
    },
    {
        "stickerType": 7,
        "stickerId": 17996,
        "cateId": 10129
    },
    {
        "stickerType": 7,
        "stickerId": 17997,
        "cateId": 10129
    },
    {
        "stickerType": 7,
        "stickerId": 17998,
        "cateId": 10129
    },
    {
        "stickerType": 7,
        "stickerId": 17999,
        "cateId": 10129
    },
    {
        "stickerType": 7,
        "stickerId": 18000,
        "cateId": 10129
    },
    {
        "stickerType": 7,
        "stickerId": 18001,
        "cateId": 10129
    },
    {
        "stickerType": 7,
        "stickerId": 18002,
        "cateId": 10129
    },
    {
        "stickerType": 7,
        "stickerId": 18003,
        "cateId": 10129
    },
    {
        "stickerType": 7,
        "stickerId": 18004,
        "cateId": 10129
    },
    {
        "stickerType": 7,
        "stickerId": 18005,
        "cateId": 10129
    },
    {
        "stickerType": 7,
        "stickerId": 18006,
        "cateId": 10129
    },
    {
        "stickerType": 7,
        "stickerId": 18007,
        "cateId": 10129
    },
    {
        "stickerType": 7,
        "stickerId": 18008,
        "cateId": 10129
    },
    {
        "stickerType": 7,
        "stickerId": 18009,
        "cateId": 10130
    },
    {
        "stickerType": 7,
        "stickerId": 18010,
        "cateId": 10130
    },
    {
        "stickerType": 7,
        "stickerId": 18011,
        "cateId": 10130
    },
    {
        "stickerType": 7,
        "stickerId": 18012,
        "cateId": 10130
    },
    {
        "stickerType": 7,
        "stickerId": 18013,
        "cateId": 10130
    },
    {
        "stickerType": 7,
        "stickerId": 18014,
        "cateId": 10130
    },
    {
        "stickerType": 7,
        "stickerId": 18015,
        "cateId": 10130
    },
    {
        "stickerType": 7,
        "stickerId": 18016,
        "cateId": 10130
    },
    {
        "stickerType": 7,
        "stickerId": 18017,
        "cateId": 10130
    },
    {
        "stickerType": 7,
        "stickerId": 18018,
        "cateId": 10130
    },
    {
        "stickerType": 7,
        "stickerId": 18019,
        "cateId": 10130
    },
    {
        "stickerType": 7,
        "stickerId": 18020,
        "cateId": 10130
    },
    {
        "stickerType": 7,
        "stickerId": 18021,
        "cateId": 10130
    },
    {
        "stickerType": 7,
        "stickerId": 18022,
        "cateId": 10130
    },
    {
        "stickerType": 7,
        "stickerId": 18023,
        "cateId": 10130
    },
    {
        "stickerType": 7,
        "stickerId": 18024,
        "cateId": 10130
    },
    {
        "stickerType": 7,
        "stickerId": 18025,
        "cateId": 10130
    },
    {
        "stickerType": 7,
        "stickerId": 18026,
        "cateId": 10130
    },
    {
        "stickerType": 7,
        "stickerId": 18027,
        "cateId": 10130
    },
    {
        "stickerType": 7,
        "stickerId": 18028,
        "cateId": 10130
    },
    {
        "stickerType": 7,
        "stickerId": 18045,
        "cateId": 10132
    },
    {
        "stickerType": 7,
        "stickerId": 18046,
        "cateId": 10132
    },
    {
        "stickerType": 7,
        "stickerId": 18047,
        "cateId": 10132
    },
    {
        "stickerType": 7,
        "stickerId": 18048,
        "cateId": 10132
    },
    {
        "stickerType": 7,
        "stickerId": 18049,
        "cateId": 10132
    },
    {
        "stickerType": 7,
        "stickerId": 18050,
        "cateId": 10132
    },
    {
        "stickerType": 7,
        "stickerId": 18051,
        "cateId": 10132
    },
    {
        "stickerType": 7,
        "stickerId": 18052,
        "cateId": 10132
    },
    {
        "stickerType": 7,
        "stickerId": 18053,
        "cateId": 10132
    },
    {
        "stickerType": 7,
        "stickerId": 18054,
        "cateId": 10132
    },
    {
        "stickerType": 7,
        "stickerId": 18055,
        "cateId": 10132
    },
    {
        "stickerType": 7,
        "stickerId": 18056,
        "cateId": 10132
    },
    {
        "stickerType": 7,
        "stickerId": 18057,
        "cateId": 10132
    },
    {
        "stickerType": 7,
        "stickerId": 18058,
        "cateId": 10132
    },
    {
        "stickerType": 7,
        "stickerId": 18059,
        "cateId": 10132
    },
    {
        "stickerType": 7,
        "stickerId": 18060,
        "cateId": 10132
    },
    {
        "stickerType": 7,
        "stickerId": 18114,
        "cateId": 10136
    },
    {
        "stickerType": 7,
        "stickerId": 18115,
        "cateId": 10136
    },
    {
        "stickerType": 7,
        "stickerId": 18644,
        "cateId": 10136
    },
    {
        "stickerType": 7,
        "stickerId": 21979,
        "cateId": 10136
    },
    {
        "stickerType": 7,
        "stickerId": 21980,
        "cateId": 10136
    },
    {
        "stickerType": 7,
        "stickerId": 21981,
        "cateId": 10136
    },
    {
        "stickerType": 7,
        "stickerId": 21982,
        "cateId": 10136
    },
    {
        "stickerType": 7,
        "stickerId": 21983,
        "cateId": 10136
    },
    {
        "stickerType": 7,
        "stickerId": 22169,
        "cateId": 10136
    },
    {
        "stickerType": 7,
        "stickerId": 22170,
        "cateId": 10136
    },
    {
        "stickerType": 7,
        "stickerId": 22171,
        "cateId": 10136
    },
    {
        "stickerType": 7,
        "stickerId": 18116,
        "cateId": 10137
    },
    {
        "stickerType": 7,
        "stickerId": 18117,
        "cateId": 10137
    },
    {
        "stickerType": 7,
        "stickerId": 18118,
        "cateId": 10137
    },
    {
        "stickerType": 7,
        "stickerId": 18119,
        "cateId": 10137
    },
    {
        "stickerType": 7,
        "stickerId": 18120,
        "cateId": 10137
    },
    {
        "stickerType": 7,
        "stickerId": 18121,
        "cateId": 10137
    },
    {
        "stickerType": 7,
        "stickerId": 18122,
        "cateId": 10137
    },
    {
        "stickerType": 7,
        "stickerId": 18123,
        "cateId": 10137
    },
    {
        "stickerType": 7,
        "stickerId": 18124,
        "cateId": 10137
    },
    {
        "stickerType": 7,
        "stickerId": 18125,
        "cateId": 10137
    },
    {
        "stickerType": 7,
        "stickerId": 18126,
        "cateId": 10137
    },
    {
        "stickerType": 7,
        "stickerId": 18127,
        "cateId": 10137
    },
    {
        "stickerType": 7,
        "stickerId": 18128,
        "cateId": 10137
    },
    {
        "stickerType": 7,
        "stickerId": 18129,
        "cateId": 10137
    },
    {
        "stickerType": 7,
        "stickerId": 18130,
        "cateId": 10137
    },
    {
        "stickerType": 7,
        "stickerId": 18131,
        "cateId": 10137
    },
    {
        "stickerType": 7,
        "stickerId": 18132,
        "cateId": 10137
    },
    {
        "stickerType": 7,
        "stickerId": 18133,
        "cateId": 10137
    },
    {
        "stickerType": 7,
        "stickerId": 18134,
        "cateId": 10137
    },
    {
        "stickerType": 7,
        "stickerId": 18135,
        "cateId": 10137
    },
    {
        "stickerType": 7,
        "stickerId": 18314,
        "cateId": 10145
    },
    {
        "stickerType": 7,
        "stickerId": 18315,
        "cateId": 10145
    },
    {
        "stickerType": 7,
        "stickerId": 18316,
        "cateId": 10145
    },
    {
        "stickerType": 7,
        "stickerId": 18317,
        "cateId": 10145
    },
    {
        "stickerType": 7,
        "stickerId": 18318,
        "cateId": 10145
    },
    {
        "stickerType": 7,
        "stickerId": 18319,
        "cateId": 10145
    },
    {
        "stickerType": 7,
        "stickerId": 18320,
        "cateId": 10145
    },
    {
        "stickerType": 7,
        "stickerId": 18321,
        "cateId": 10145
    },
    {
        "stickerType": 7,
        "stickerId": 18322,
        "cateId": 10145
    },
    {
        "stickerType": 7,
        "stickerId": 18323,
        "cateId": 10145
    },
    {
        "stickerType": 7,
        "stickerId": 18324,
        "cateId": 10145
    },
    {
        "stickerType": 7,
        "stickerId": 18325,
        "cateId": 10145
    },
    {
        "stickerType": 7,
        "stickerId": 18326,
        "cateId": 10145
    },
    {
        "stickerType": 7,
        "stickerId": 18327,
        "cateId": 10145
    },
    {
        "stickerType": 7,
        "stickerId": 18328,
        "cateId": 10145
    },
    {
        "stickerType": 7,
        "stickerId": 18329,
        "cateId": 10145
    },
    {
        "stickerType": 7,
        "stickerId": 18330,
        "cateId": 10145
    },
    {
        "stickerType": 7,
        "stickerId": 18331,
        "cateId": 10145
    },
    {
        "stickerType": 7,
        "stickerId": 18332,
        "cateId": 10145
    },
    {
        "stickerType": 7,
        "stickerId": 18333,
        "cateId": 10145
    },
    {
        "stickerType": 7,
        "stickerId": 18604,
        "cateId": 10164
    },
    {
        "stickerType": 7,
        "stickerId": 18605,
        "cateId": 10164
    },
    {
        "stickerType": 7,
        "stickerId": 18606,
        "cateId": 10164
    },
    {
        "stickerType": 7,
        "stickerId": 18607,
        "cateId": 10164
    },
    {
        "stickerType": 7,
        "stickerId": 18608,
        "cateId": 10164
    },
    {
        "stickerType": 7,
        "stickerId": 18609,
        "cateId": 10164
    },
    {
        "stickerType": 7,
        "stickerId": 18610,
        "cateId": 10164
    },
    {
        "stickerType": 7,
        "stickerId": 18611,
        "cateId": 10164
    },
    {
        "stickerType": 7,
        "stickerId": 18612,
        "cateId": 10164
    },
    {
        "stickerType": 7,
        "stickerId": 18613,
        "cateId": 10164
    },
    {
        "stickerType": 7,
        "stickerId": 18614,
        "cateId": 10164
    },
    {
        "stickerType": 7,
        "stickerId": 18615,
        "cateId": 10164
    },
    {
        "stickerType": 7,
        "stickerId": 18616,
        "cateId": 10164
    },
    {
        "stickerType": 7,
        "stickerId": 18617,
        "cateId": 10164
    },
    {
        "stickerType": 7,
        "stickerId": 18618,
        "cateId": 10164
    },
    {
        "stickerType": 7,
        "stickerId": 18619,
        "cateId": 10164
    },
    {
        "stickerType": 7,
        "stickerId": 18620,
        "cateId": 10164
    },
    {
        "stickerType": 7,
        "stickerId": 18621,
        "cateId": 10164
    },
    {
        "stickerType": 7,
        "stickerId": 18622,
        "cateId": 10164
    },
    {
        "stickerType": 7,
        "stickerId": 18623,
        "cateId": 10164
    },
    {
        "stickerType": 7,
        "stickerId": 18646,
        "cateId": 10166
    },
    {
        "stickerType": 7,
        "stickerId": 18647,
        "cateId": 10166
    },
    {
        "stickerType": 7,
        "stickerId": 18648,
        "cateId": 10166
    },
    {
        "stickerType": 7,
        "stickerId": 18649,
        "cateId": 10166
    },
    {
        "stickerType": 7,
        "stickerId": 18650,
        "cateId": 10166
    },
    {
        "stickerType": 7,
        "stickerId": 18651,
        "cateId": 10166
    },
    {
        "stickerType": 7,
        "stickerId": 18652,
        "cateId": 10166
    },
    {
        "stickerType": 7,
        "stickerId": 18653,
        "cateId": 10166
    },
    {
        "stickerType": 7,
        "stickerId": 18654,
        "cateId": 10166
    },
    {
        "stickerType": 7,
        "stickerId": 18655,
        "cateId": 10166
    },
    {
        "stickerType": 7,
        "stickerId": 18656,
        "cateId": 10166
    },
    {
        "stickerType": 7,
        "stickerId": 18657,
        "cateId": 10166
    },
    {
        "stickerType": 7,
        "stickerId": 18658,
        "cateId": 10166
    },
    {
        "stickerType": 7,
        "stickerId": 18659,
        "cateId": 10166
    },
    {
        "stickerType": 7,
        "stickerId": 18660,
        "cateId": 10166
    },
    {
        "stickerType": 7,
        "stickerId": 18661,
        "cateId": 10166
    },
    {
        "stickerType": 7,
        "stickerId": 18662,
        "cateId": 10167
    },
    {
        "stickerType": 7,
        "stickerId": 18663,
        "cateId": 10167
    },
    {
        "stickerType": 7,
        "stickerId": 18664,
        "cateId": 10167
    },
    {
        "stickerType": 7,
        "stickerId": 18665,
        "cateId": 10167
    },
    {
        "stickerType": 7,
        "stickerId": 18666,
        "cateId": 10167
    },
    {
        "stickerType": 7,
        "stickerId": 18667,
        "cateId": 10167
    }
]