[
    {"stickerType": 7, "stickerId": 27593, "cateId": 10746},
    {"stickerType": 7, "stickerId": 27594, "cateId": 10746},
    {"stickerType": 7, "stickerId": 27595, "cateId": 10746},
    {"stickerType": 7, "stickerId": 27596, "cateId": 10746},
    {"stickerType": 7, "stickerId": 27597, "cateId": 10746},
    {"stickerType": 7, "stickerId": 27598, "cateId": 10746},
    {"stickerType": 7, "stickerId": 27599, "cateId": 10746},
    {"stickerType": 7, "stickerId": 27600, "cateId": 10746},
    {"stickerType": 7, "stickerId": 27601, "cateId": 10746},
    {"stickerType": 7, "stickerId": 27602, "cateId": 10746},
    {"stickerType": 7, "stickerId": 27603, "cateId": 10746},
    {"stickerType": 7, "stickerId": 27604, "cateId": 10746},
    {"stickerType": 7, "stickerId": 27605, "cateId": 10746},
    {"stickerType": 7, "stickerId": 27606, "cateId": 10746},
    {"stickerType": 7, "stickerId": 27607, "cateId": 10746},
    {"stickerType": 7, "stickerId": 27608, "cateId": 10746},
    {"stickerType": 7, "stickerId": 27609, "cateId": 10746},
    {"stickerType": 7, "stickerId": 27610, "cateId": 10746},
    {"stickerType": 7, "stickerId": 27611, "cateId": 10746},
    {"stickerType": 7, "stickerId": 27612, "cateId": 10746},
    {"stickerType": 7, "stickerId": 27613, "cateId": 10746},
    {"stickerType": 7, "stickerId": 27614, "cateId": 10746},
    {"stickerType": 7, "stickerId": 27615, "cateId": 10746},
    {"stickerType": 7, "stickerId": 27616, "cateId": 10746},
    {"stickerType": 7, "stickerId": 27617, "cateId": 10746},
    {"stickerType": 7, "stickerId": 27618, "cateId": 10746},
    {"stickerType": 7, "stickerId": 27619, "cateId": 10746},
    {"stickerType": 7, "stickerId": 27620, "cateId": 10746},
    {"stickerType": 7, "stickerId": 27621, "cateId": 10746},
    {"stickerType": 7, "stickerId": 27622, "cateId": 10746},
    {"stickerType": 7, "stickerId": 27791, "cateId": 10755},
    {"stickerType": 7, "stickerId": 27792, "cateId": 10755},
    {"stickerType": 7, "stickerId": 27793, "cateId": 10755},
    {"stickerType": 7, "stickerId": 27794, "cateId": 10755},
    {"stickerType": 7, "stickerId": 27795, "cateId": 10755},
    {"stickerType": 7, "stickerId": 27796, "cateId": 10755},
    {"stickerType": 7, "stickerId": 28312, "cateId": 10780},
    {"stickerType": 7, "stickerId": 28313, "cateId": 10780},
    {"stickerType": 7, "stickerId": 28314, "cateId": 10780},
    {"stickerType": 7, "stickerId": 28315, "cateId": 10780},
    {"stickerType": 7, "stickerId": 28340, "cateId": 10784},
    {"stickerType": 7, "stickerId": 28341, "cateId": 10784},
    {"stickerType": 7, "stickerId": 28342, "cateId": 10784},
    {"stickerType": 7, "stickerId": 28343, "cateId": 10784}
  ]
  